Major/Minor,Major/Minor URL,School,Advising Page Name,Advising Page URL,Requirement for Major Declaration
African Area Studies (Minor),https://sasundergrad.rutgers.edu/majors-and-core-curriculum/major/major-minor-details/african-area-studies,SAS,Advising  - African Area Studies (Minor),https://ruafrica.rutgers.edu/academics/advising,Not Found
African Languages (Minor),https://sasundergrad.rutgers.edu/majors-and-core-curriculum/major/major-minor-details/african-languages,SAS,Advising  - African Languages (Minor),https://www.amesall.rutgers.edu/academics/undergraduate-program/advising,Not Found
"African, Middle Eastern & South Asian Languages & Literatures - Regional (Major) | BA",https://sasundergrad.rutgers.edu/majors-and-core-curriculum/major/major-minor-details/amesall-regional,SAS,"Advising  - African, Middle Eastern & South Asian Languages & Literatures - Regional (Major) | BA",https://www.amesall.rutgers.edu/academics/undergraduate-program/advising,None
"African, Middle Eastern & South Asian Languages & Literatures (Minor)",https://sasundergrad.rutgers.edu/majors-and-core-curriculum/major/major-minor-details/african-middle-eastern-south-asian-languages-literatures,SAS,"Advising  - African, Middle Eastern & South Asian Languages & Literatures (Minor)",https://www.amesall.rutgers.edu/academics/undergraduate-program/advising,Not Found
"Africana Studies (Major, Minor) | BA",https://sasundergrad.rutgers.edu/majors-and-core-curriculum/major/major-minor-details/africana-studies,SAS,"Advising  - Africana Studies (Major, Minor) | BA",https://africanastudies.rutgers.edu/academics/undergraduate/advising,None
Agroecology (Minor),https://sasundergrad.rutgers.edu/majors-and-core-curriculum/major/major-minor-details/agroecology,SEBS,Advising  - Agroecology (Minor),https://plantbiology.rutgers.edu/contact,Not Found
"American Studies (Major, Minor) | BA",https://sasundergrad.rutgers.edu/majors-and-core-curriculum/major/major-minor-details/american-studies,SAS,"Advising  - American Studies (Major, Minor) | BA",https://amerstudies.rutgers.edu/academics/undergraduate/advising,None
Animal Science (Minor),https://sasundergrad.rutgers.edu/majors-and-core-curriculum/major/major-minor-details/animal-science,SEBS,Advising  - Animal Science (Minor),https://animalsciences.rutgers.edu/undergraduate/,Not Found
"Anthropology - Cultural (Major, Minor) | BA",https://sasundergrad.rutgers.edu/majors-and-core-curriculum/major/major-minor-details/anthropology-cultural,SAS,"Advising  - Anthropology - Cultural (Major, Minor) | BA",https://anthro.rutgers.edu/academics/undergraduate/student-advising,None
"Anthropology - Evolutionary (Major, Minor) | BS",https://sasundergrad.rutgers.edu/majors-and-core-curriculum/major/major-minor-details/anthropology-evolutionary,SAS,"Advising  - Anthropology - Evolutionary (Major, Minor) | BS",https://anthro.rutgers.edu/academics/undergraduate/student-advising,None
"Anthropology - General (Major, Minor) | BA",https://sasundergrad.rutgers.edu/majors-and-core-curriculum/major/major-minor-details/anthropology-general,SAS,"Advising  - Anthropology - General (Major, Minor) | BA",https://anthro.rutgers.edu/academics/undergraduate/student-advising,None
Arabic (Minor),https://sasundergrad.rutgers.edu/majors-and-core-curriculum/major/major-minor-details/arabic,SAS,Advising  - Arabic (Minor),https://www.amesall.rutgers.edu/academics/undergraduate-program/advising,Not Found
Archaeology (Minor),https://sasundergrad.rutgers.edu/majors-and-core-curriculum/major/major-minor-details/archaeology,SAS,Advising  - Archaeology (Minor),https://anthro.rutgers.edu/academics/undergraduate/student-advising,None
Architectural Studies (Minor),https://sasundergrad.rutgers.edu/majors-and-core-curriculum/major/major-minor-details/architectural-studies,SAS,Advising  - Architectural Studies (Minor),https://arthistory.rutgers.edu/academics/undergraduate-welcome/advising,Not Found
"Art (Major, Minor) | BA",https://sasundergrad.rutgers.edu/majors-and-core-curriculum/major/major-minor-details/art-b-a,MGSA,"Advising  - Art (Major, Minor) | BA",https://www.masongross.rutgers.edu/bio/Sabrina-Gat/,"Department Approval- Students must submit a portfolio for review by the MGSA Visual Arts faculty before they can declare a major in Art. Submitting a portfolio does not guarantee acceptance into the program. Portfolio review dates usually can be found on MGSA website. Students are not accepted for the spring semester. Students can find portfolio requirements on the Mason Gross website under ""Your Portfolio.""  Students must also have a cumulative average of 2.0."
"Art History (Major, Minor) | BA",https://sasundergrad.rutgers.edu/majors-and-core-curriculum/major/major-minor-details/art-history,SAS,"Advising  - Art History (Major, Minor) | BA",https://arthistory.rutgers.edu/academics/undergraduate-welcome/advising,Department Approval
Arts Management and Leadership (Minor),https://sasundergrad.rutgers.edu/majors-and-core-curriculum/major/major-minor-details/arts-management-and-leadership-minor,MSGA,Advising  - Arts Management and Leadership (Minor),https://www.masongross.rutgers.edu/bio/Stephanie-Cronenberg/,Not Found
Asian American Studies (Minor),https://sasundergrad.rutgers.edu/majors-and-core-curriculum/major/major-minor-details/asian-american-studies,SAS,Advising  - Asian American Studies (Minor),https://amerstudies.rutgers.edu/academics/undergraduate/advising,Not Found
"Asian Studies (Major, Minor) | BA",https://sasundergrad.rutgers.edu/majors-and-core-curriculum/major/major-minor-details/asian-studies,SAS,"Advising  - Asian Studies (Major, Minor) | BA",https://alc.rutgers.edu/academics/undergraduate/advising,None
Astrobiology (Minor),https://sasundergrad.rutgers.edu/majors-and-core-curriculum/major/major-minor-details/astrobiology,SAS,Advising  - Astrobiology (Minor),https://geology.rutgers.edu/academics/undergraduate-program/advising,Not Found
Astronomy (Minor),https://sasundergrad.rutgers.edu/majors-and-core-curriculum/major/major-minor-details/astronomy,SAS,Advising  - Astronomy (Minor),https://physics.rutgers.edu/academics/undergraduate-program/advising,Not Found
Astrophysics (Major) | BS,https://sasundergrad.rutgers.edu/majors-and-core-curriculum/major/major-minor-details/astrophysics,SAS,Advising  - Astrophysics (Major) | BS,https://physics.rutgers.edu/academics/undergraduate-program/advising,Not Found
Biochemistry (Minor),https://sasundergrad.rutgers.edu/majors-and-core-curriculum/major/major-minor-details/biochemistry,SEBS,Advising  - Biochemistry (Minor),https://dbm.rutgers.edu/biochemistry/advisors.html,Not Found
"Biological Sciences (Major, Minor) | BA",https://sasundergrad.rutgers.edu/majors-and-core-curriculum/major/major-minor-details/biological-sciences,SAS,"Advising  - Biological Sciences (Major, Minor) | BA",https://biology.rutgers.edu/biological-sciences/advising,"Department Approval with Departmental Meeting.  Prerequisites: 01:119:115, 116 and 117; with grades of C or better"
Biomathematics (Major) | BA,https://sasundergrad.rutgers.edu/majors-and-core-curriculum/major/major-minor-details/biomathematics,SAS,Advising  - Biomathematics (Major) | BA,https://www.math.rutgers.edu/academics/undergraduate/advising,"General Biology I & II, with grades of C or better."
Business Administration (Minor),https://sasundergrad.rutgers.edu/majors-and-core-curriculum/major/major-minor-details/business-administration,RBS,Advising  - Business Administration (Minor),https://myrbs.business.rutgers.edu/undergraduate-new-brunswick/business-administration-minor,Not Found
Business and Technical Writing (Minor),https://sasundergrad.rutgers.edu/majors-and-core-curriculum/major/major-minor-details/business-and-technical-writing,SAS,Advising  - Business and Technical Writing (Minor),https://wp.rutgers.edu/academics/undergraduate/advising,Not Found
Cell Biology and Neuroscience (Major) | BA,https://sasundergrad.rutgers.edu/majors-and-core-curriculum/major/major-minor-details/cell-biology-and-neuroscience,SAS,Advising  - Cell Biology and Neuroscience (Major) | BA,https://cbn.rutgers.edu/academics/undergraduate/departmental-advising,Department Approval
Chemistry - Business/Law (Major) | BA,https://sasundergrad.rutgers.edu/majors-and-core-curriculum/major/major-minor-details/chemistry-business-law,SAS,Advising  - Chemistry - Business/Law (Major) | BA,https://chem.rutgers.edu/academics/undergraduate-program/advising,"01:160:159, 161, 163 or equivalent with a grade of C or better"
Chemistry - Chemical Biology (Major) | BA,https://sasundergrad.rutgers.edu/majors-and-core-curriculum/major/major-minor-details/chemistry-chemical-biology,SAS,Advising  - Chemistry - Chemical Biology (Major) | BA,https://chem.rutgers.edu/academics/undergraduate-program/advising,"01:160:159, 161, 163 or equivalent with a grade of C or better"
Chemistry - Chemical Physics (Major) | BA,https://sasundergrad.rutgers.edu/majors-and-core-curriculum/major/major-minor-details/chemistry-chemical-physics,SAS,Advising  - Chemistry - Chemical Physics (Major) | BA,https://chem.rutgers.edu/academics/undergraduate-program/advising,Prerequisites
Chemistry - Core Option (Major) | BA,https://sasundergrad.rutgers.edu/majors-and-core-curriculum/major/major-minor-details/chemistry-core-option,SAS,Advising  - Chemistry - Core Option (Major) | BA,https://chem.rutgers.edu/academics/undergraduate-program/advising,"01:160:159, 161, 163 or equivalent with a grade of C or better"
Chemistry - Environmental (Major) | BA,https://sasundergrad.rutgers.edu/majors-and-core-curriculum/major/major-minor-details/chemistry-environmental,SAS,Advising  - Chemistry - Environmental (Major) | BA,https://chem.rutgers.edu/academics/undergraduate-program/advising,"01:160:159, 161, 163 or equivalent with a grade of C or better"
Chemistry - Forensic Chemistry (Major) | BA,https://sasundergrad.rutgers.edu/majors-and-core-curriculum/major/major-minor-details/chemistry-forensic-chemistry,SAS,Advising  - Chemistry - Forensic Chemistry (Major) | BA,https://chem.rutgers.edu/academics/undergraduate-program/advising,"01:160:159, 161, 163 or equivalent with a grade of C or better"
Chemistry - General American Chemical Society (ACS) (Major) | BA,https://sasundergrad.rutgers.edu/majors-and-core-curriculum/major/major-minor-details/chemistry-general-american-chemical-society-acs,SAS,Advising  - Chemistry - General American Chemical Society (ACS) (Major) | BA,https://chem.rutgers.edu/academics/undergraduate-program/advising,"01:160:159, 161, 163 or equivalent with a grade of C or better"
Chemistry (Minor),https://sasundergrad.rutgers.edu/majors-and-core-curriculum/major/major-minor-details/chemistry,SAS,Advising  - Chemistry (Minor),https://chem.rutgers.edu/academics/undergraduate-program/advising,Not Found
Chemistry Education (Minor),https://sasundergrad.rutgers.edu/majors-and-core-curriculum/major/major-minor-details/chemistry-education,SAS,Advising  - Chemistry Education (Minor),https://chem.rutgers.edu/academics/undergraduate-program/advising,Not Found
"Chinese (Major, Minor) | BA",https://sasundergrad.rutgers.edu/majors-and-core-curriculum/major/major-minor-details/chinese,SAS,"Advising  - Chinese (Major, Minor) | BA",https://alc.rutgers.edu/academics/undergraduate/advising,None
"Cinema Studies (Major, Minor) | BA",https://sasundergrad.rutgers.edu/majors-and-core-curriculum/major/major-minor-details/cinema-studies,SAS,"Advising  - Cinema Studies (Major, Minor) | BA",https://www.cinemastudies.rutgers.edu/academics/undergraduate-students/advising,None
Classical Humanities (Minor),https://sasundergrad.rutgers.edu/majors-and-core-curriculum/major/major-minor-details/classical-humanities,SAS,Advising  - Classical Humanities (Minor),https://classics.rutgers.edu/academics/undergraduate/advising,Not Found
Classics - Classical Humanities (Major) | BA,https://sasundergrad.rutgers.edu/majors-and-core-curriculum/major/major-minor-details/classics-classical-humanities,SAS,Advising  - Classics - Classical Humanities (Major) | BA,https://classics.rutgers.edu/academics/undergraduate/advising,None
Classics - Greek and Latin (Major) | BA,https://sasundergrad.rutgers.edu/majors-and-core-curriculum/major/major-minor-details/classics-greek-and-latin,SAS,Advising  - Classics - Greek and Latin (Major) | BA,https://classics.rutgers.edu/academics/undergraduate/advising,None
Classics - Greek Option (Major) | BA,https://sasundergrad.rutgers.edu/majors-and-core-curriculum/major/major-minor-details/classics-greek-option,SAS,Advising  - Classics - Greek Option (Major) | BA,https://classics.rutgers.edu/academics/undergraduate/advising,None
Classics - Latin Option (Major) | BA,https://sasundergrad.rutgers.edu/majors-and-core-curriculum/major/major-minor-details/classics-latin-option,SAS,Advising  - Classics - Latin Option (Major) | BA,https://classics.rutgers.edu/academics/undergraduate/advising,None
"Cognitive Science (Major, Minor) | BA",https://sasundergrad.rutgers.edu/majors-and-core-curriculum/major/major-minor-details/cognitive-science,SAS,"Advising  - Cognitive Science (Major, Minor) | BA",https://ruccs.rutgers.edu/academics/undergraduate/advising,"Completion of 01:185:201; One Computational/Logical Reasoning Component Course (01:198:107,01:198:205,01:640:300,01:640:461,01:730:201,01:730:202); and One Statistical Reasoning Component Course (Calc I, Calc II, 01:185:320,01:198:206,01:830:200,01:960:211,01:960:285,01:960:401) ****Each with a grade of C or better***"
Communication - Health & Wellness Communication (Major) | BA,https://sasundergrad.rutgers.edu/majors-and-core-curriculum/major/major-minor-details/communication-health-wellness,SC&I,Advising  - Communication - Health & Wellness Communication (Major) | BA,https://comminfo.rutgers.edu/office-student-services/academic-assistance-and-support/undergraduate-advising,By Application- Prerequisites: 04:189:101 and 01:355:101 both with C or better; 2.0 cumulative GPA.  Students wishing to declare this major must apply through the School of Communication and Information (SC&I). The major will not be officially declared until that application is approved by SC&I.
Communication - Leadership in Organizations & Community (Major) | BA,https://sasundergrad.rutgers.edu/majors-and-core-curriculum/major/major-minor-details/communication-leadership-in-organizations-community,SC&I,Advising  - Communication - Leadership in Organizations & Community (Major) | BA,https://comminfo.rutgers.edu/office-student-services/academic-assistance-and-support/undergraduate-advising,By Application- Prerequisites: 04:189:101 and 01:355:101 both with C or better; 2.0 cumulative GPA.  Students wishing to declare this major must apply through the School of Communication and Information (SC&I). The major will not be officially declared until that application is approved by SC&I.
Communication - Relationships and Family Communication (Major) | BA,https://sasundergrad.rutgers.edu/majors-and-core-curriculum/major/major-minor-details/communication-relationships-and-family-communication,SC&I,Advising  - Communication - Relationships and Family Communication (Major) | BA,https://comminfo.rutgers.edu/office-student-services/academic-assistance-and-support/undergraduate-advising,By Application- Prerequisites: 04:189:101 and 01:355:101 both with C or better; 2.0 cumulative GPA.  Students wishing to declare this major must apply through the School of Communication and Information (SC&I). The major will not be officially declared until that application is approved by SC&I.
Communication - Strategic Public Communication and Public Relations (Major) | BA,https://sasundergrad.rutgers.edu/majors-and-core-curriculum/major/major-minor-details/communication-strategic-public-communication-and-pr,SC&I,Advising  - Communication - Strategic Public Communication and Public Relations (Major) | BA,https://comminfo.rutgers.edu/office-student-services/academic-assistance-and-support/undergraduate-advising,By Application- Prerequisites: 04:189:101 and 01:355:101 both with C or better; 2.0 cumulative GPA.  Students wishing to declare this major must apply through the School of Communication and Information (SC&I). The major will not be officially declared until that application is approved by SC&I.
Communication (Major) | BA,https://sasundergrad.rutgers.edu/majors-and-core-curriculum/major/major-minor-details/communication,SC&I,Advising  - Communication (Major) | BA,https://comminfo.rutgers.edu/office-student-services/academic-assistance-and-support/undergraduate-advising,By Application- Prerequisites: 04:189:101 and 01:355:101 both with C or better; 2.0 cumulative GPA.  Students wishing to declare this major must apply through the School of Communication and Information (SC&I). The major will not be officially declared until that application is approved by SC&I.
Comparative and Critical Race and Ethnic Studies (Minor),https://sasundergrad.rutgers.edu/majors-and-core-curriculum/major/major-minor-details/comparative-and-critical-race-and-ethnic-studies,SAS,Advising  - Comparative and Critical Race and Ethnic Studies (Minor),https://amerstudies.rutgers.edu/academics/undergraduate/advising,Not Found
Comparative Literature - Advanced Studies in Literature (Major) | BA,https://sasundergrad.rutgers.edu/majors-and-core-curriculum/major/major-minor-details/comparative-literature-advanced-studies,SAS,Advising  - Comparative Literature - Advanced Studies in Literature (Major) | BA,https://complit.rutgers.edu/academics/undergraduate/advising,None
"Comparative Literature (Major, Minor) | BA",https://sasundergrad.rutgers.edu/majors-and-core-curriculum/major/major-minor-details/comparative-literature,SAS,"Advising  - Comparative Literature (Major, Minor) | BA",https://complit.rutgers.edu/academics/undergraduate/advising,None
Computer Science (Major) | BA,https://sasundergrad.rutgers.edu/majors-and-core-curriculum/major/major-minor-details/computer-science-b-a,SAS,Advising  - Computer Science (Major) | BA,https://www.cs.rutgers.edu/academics/undergraduate/advising,"Prerequisites- 01:640:151,152, 01:198:111,112,205; all with grades of C or better.  01:640:135 may be used in place of 01:640:151, 14:332:312 may be used in place of 01:198:205. ***Students who have received credit for courses equivalent to 01:198:111, 112, or 205 must complete at least three major courses in the New Brunswick Department of Computer Science (01:198:xxx)(with grades of C or better) before being admitted to the major.***"
Computer Science (Major) | BS,https://sasundergrad.rutgers.edu/majors-and-core-curriculum/major/major-minor-details/computer-science-b-s,SAS,Advising  - Computer Science (Major) | BS,https://www.cs.rutgers.edu/academics/undergraduate/advising,"Prerequisites- 01:640:151,152, 01:198:111,112,205; all with grades of C or better.  01:640:135 may be used in place of 01:640:151, 14:332:312 may be used in place of 01:198:205. ***Students who have received credit for courses equivalent to 01:198:111, 112, or 205 must complete at least three major courses in the New Brunswick Department of Computer Science (01:198:xxx)(with grades of C or better) before being admitted to the major.***"
Computer Science (Minor),https://sasundergrad.rutgers.edu/majors-and-core-curriculum/major/major-minor-details/computer-science,SAS,Advising  - Computer Science (Minor),https://www.cs.rutgers.edu/academics/undergraduate/advising,Not Found
Creative Expression and the Environment (Minor),https://sasundergrad.rutgers.edu/majors-and-core-curriculum/major/major-minor-details/creative-expression-and-the-environment,SEBS,Advising  - Creative Expression and the Environment (Minor),https://humanecology.rutgers.edu/academic-programs/creative-expression-and-the-environment-minor/,Not Found
Creative Writing (Minor),https://sasundergrad.rutgers.edu/majors-and-core-curriculum/major/major-minor-details/creative-writing,SAS,Advising  - Creative Writing (Minor),https://english.rutgers.edu/academics/undergraduate-91/advising.html,Not Found
Criminal Justice (Major) | BA,https://sasundergrad.rutgers.edu/majors-and-core-curriculum/major/major-minor-details/criminal-justice,SAS,Advising  - Criminal Justice (Major) | BA,https://criminaljustice.rutgers.edu/academics/program-info/advising,01:202:201 with a grade of C or better; 2.0 cumulative GPA
Criminology (Minor),https://sasundergrad.rutgers.edu/majors-and-core-curriculum/major/major-minor-details/criminology,SAS,Advising  - Criminology (Minor),https://sociology.rutgers.edu/academics/undergraduate/advising,Not Found
Critical Intelligence Studies (Minor),https://sasundergrad.rutgers.edu/majors-and-core-curriculum/major/major-minor-details/critical-intelligence-studies,SAS,Advising  - Critical Intelligence Studies (Minor),https://polisci.rutgers.edu/academics/undergraduate/advising,Not Found
Culinary Nutrition (Minor),https://sasundergrad.rutgers.edu/majors-and-core-curriculum/major/major-minor-details/culinary-nutrition,SEBS,Advising  - Culinary Nutrition (Minor),https://nutrition.rutgers.edu/undergraduate/culinary-nutrition-minor/,Not Found
Dance (Major) | BA,https://sasundergrad.rutgers.edu/majors-and-core-curriculum/major/major-minor-details/dance-b-a,MGSA,Advising  - Dance (Major) | BA,http://www.masongross.rutgers.edu/dance,Department Approval
Dance (Minor),https://sasundergrad.rutgers.edu/majors-and-core-curriculum/major/major-minor-details/dance,MGSA,Advising  - Dance (Minor),https://www.masongross.rutgers.edu/degrees-programs/dance/,Not Found
Data Science - Chemical Data Science (Major) | BS,https://sasundergrad.rutgers.edu/majors-and-core-curriculum/major/major-minor-details/data-science-chemical-data-science-major-bs,SAS,Advising  - Data Science - Chemical Data Science (Major) | BS,https://mps.rutgers.edu/data-science-program/data-science-program-advising,Completion of Data 101 (01:198:142/01:960:142) AND Statistical Inference (01:960:212/01:960:291/01:960:384/33:136:385); with grades of C or better
Data Science - Computer Science Track (Major) | BS,https://sasundergrad.rutgers.edu/majors-and-core-curriculum/major/major-minor-details/data-science-computer-science-track-bs,SAS,Advising  - Data Science - Computer Science Track (Major) | BS,https://mps.rutgers.edu/data-science-program/data-science-program-advising,Completion of Data 101 (01:198:142/01:960:142) AND Statistical Inference (01:960:212/01:960:291/01:960:384/33:136:385); with grades of C or better
Data Science - Economics Track (Major) | BS,https://sasundergrad.rutgers.edu/majors-and-core-curriculum/major/major-minor-details/data-science-economics-track-bs,SAS,Advising  - Data Science - Economics Track (Major) | BS,https://mps.rutgers.edu/data-science-program/data-science-program-advising,Completion of Data 101 (01:198:142/01:960:142) AND Statistical Inference (01:960:212/01:960:291/01:960:384/33:136:385); with grades of C or better
Data Science - Societal Impact Track (Major) | BA,https://sasundergrad.rutgers.edu/majors-and-core-curriculum/major/major-minor-details/data-science-societal-impact-track-ba,SAS,Advising  - Data Science - Societal Impact Track (Major) | BA,https://mps.rutgers.edu/data-science-program/data-science-program-advising,Completion of Data 101 (01:198:142/01:960:142) AND Statistical Inference (01:960:212/01:960:291/01:960:384/33:136:385); with grades of C or better
Data Science - Statistics Track (Major) | BA,https://sasundergrad.rutgers.edu/majors-and-core-curriculum/major/major-minor-details/data-science-statistics-track-ba,SAS,Advising  - Data Science - Statistics Track (Major) | BA,https://mps.rutgers.edu/data-science-program/data-science-program-advising,Completion of Data 101 (01:198:142/01:960:142) AND Statistical Inference (01:960:212/01:960:291/01:960:384/33:136:385); with grades of C or better
Data Science (Minor),https://sasundergrad.rutgers.edu/majors-and-core-curriculum/major/major-minor-details/data-science,SAS,Advising  - Data Science (Minor),https://mps.rutgers.edu/data-science-program/data-science-program-advising,Not Found
Developmental Psychology (Minor),https://sasundergrad.rutgers.edu/majors-and-core-curriculum/major/major-minor-details/developmental-psychology,SAS,Advising  - Developmental Psychology (Minor),https://psych.rutgers.edu/academics/undergraduate/advising,Not Found
"Digital Communication, Information, and Media (Minor)",https://sasundergrad.rutgers.edu/majors-and-core-curriculum/major/major-minor-details/digital-communication-information-and-media,SCI,"Advising  - Digital Communication, Information, and Media (Minor)",https://comminfo.rutgers.edu/office-student-services/academic-assistance-and-support/undergraduate-advising,Not Found
Disabilities Studies (Minor),https://sasundergrad.rutgers.edu/majors-and-core-curriculum/major/major-minor-details/disabilities-studies,Bloustein School,Advising  - Disabilities Studies (Minor),https://bloustein.rutgers.edu/students/undergrad-resources/,Not Found
Earth and Planetary Sciences - Environmental Geology Option (Major) | BS,https://sasundergrad.rutgers.edu/majors-and-core-curriculum/major/major-minor-details/geological-sciences-environmental-geology-option,SAS,Advising  - Earth and Planetary Sciences - Environmental Geology Option (Major) | BS,https://geology.rutgers.edu/academics/undergraduate-program/advising,Department Approval with Departmental Meeting
Earth and Planetary Sciences - General Option (Major) | BA,https://sasundergrad.rutgers.edu/majors-and-core-curriculum/major/major-minor-details/geological-sciences-general-option,SAS,Advising  - Earth and Planetary Sciences - General Option (Major) | BA,https://geology.rutgers.edu/academics/undergraduate-program/advising,Department Approval with Departmental Meeting
"Earth and Planetary Sciences - Geological Sciences (Major, Minor) | BS",https://sasundergrad.rutgers.edu/majors-and-core-curriculum/major/major-minor-details/geological-sciences,SAS,"Advising  - Earth and Planetary Sciences - Geological Sciences (Major, Minor) | BS",https://geology.rutgers.edu/academics/undergraduate-program/advising,Department Approval with Departmental Meeting
Earth and Planetary Sciences - Planetary Science Option (Major) | BS,https://sasundergrad.rutgers.edu/majors-and-core-curriculum/major/major-minor-details/earth-and-planetary-sciences-planetary-science-option-major-bs,SAS,Advising  - Earth and Planetary Sciences - Planetary Science Option (Major) | BS,https://geology.rutgers.edu/academics/undergraduate-program/advising,Department Approval with Departmental Meeting
"Ecology, Evolution, and Natural Resources (Minor)",https://sasundergrad.rutgers.edu/majors-and-core-curriculum/major/major-minor-details/ecology-evolution-and-natural-resources-minor,SEBS,"Advising  - Ecology, Evolution, and Natural Resources (Minor)",https://deenr.rutgers.edu/undergrad/advising.php,Not Found
"Economics (Major, Minor) | BA",https://sasundergrad.rutgers.edu/majors-and-core-curriculum/major/major-minor-details/economics,SAS,"Advising  - Economics (Major, Minor) | BA",https://economics.rutgers.edu/academics/undergraduate/advising-hours/advising-hours,"01:220:102, 01:220:103, Calculus I; all with grades of C or better"
Education as a Social Science (Minor),https://sasundergrad.rutgers.edu/majors-and-core-curriculum/major/major-minor-details/education-as-a-social-science,GSE,Advising  - Education as a Social Science (Minor),https://gse.rutgers.edu/about/administrative-services/office-of-student-and-academic-services/,Not Found
"English (Major, Minor) | BA",https://sasundergrad.rutgers.edu/majors-and-core-curriculum/major/major-minor-details/english,SAS,"Advising  - English (Major, Minor) | BA",https://english.rutgers.edu/academics/undergraduate-91/advising.html,None
Entomology (Minor),https://sasundergrad.rutgers.edu/majors-and-core-curriculum/major/major-minor-details/entomology,SEBS,Advising  - Entomology (Minor),https://entomology.rutgers.edu/undergraduate/advisors.html,Not Found
Entrepreneurship (Minor),https://sasundergrad.rutgers.edu/majors-and-core-curriculum/major/major-minor-details/entrepreneurship,RBS,Advising  - Entrepreneurship (Minor),https://myrbs.business.rutgers.edu/undergraduate-new-brunswick/entrepreneurship-minor,Not Found
Environmental and Business Economics (Minor),https://sasundergrad.rutgers.edu/majors-and-core-curriculum/major/major-minor-details/environmental-and-business-economics,SEBS,N/A,N/A,Not Found
"Environmental Policy, Institutions and Behavior (Minor)",https://sasundergrad.rutgers.edu/majors-and-core-curriculum/major/major-minor-details/environmental-policy-institutions-and-behavior,SEBS,"Advising  - Environmental Policy, Institutions and Behavior (Minor)",https://humanecology.rutgers.edu/academic-programs/epib/epib-minor/,Not Found
Environmental Sciences (Minor),https://sasundergrad.rutgers.edu/majors-and-core-curriculum/major/major-minor-details/environmental-sciences,SEBS,Advising  - Environmental Sciences (Minor),https://envsci.rutgers.edu/academics/envsci/advisers.html,Not Found
Environmental Studies (Major) | BA *Second Major only,https://sasundergrad.rutgers.edu/majors-and-core-curriculum/major/major-minor-details/environmental-studies,SAS,Advising  - Environmental Studies (Major) | BA *Second Major only,https://geography.rutgers.edu/academics/undergraduate-program/advising,None
Environmental Studies (Minor),https://sasundergrad.rutgers.edu/majors-and-core-curriculum/major/major-minor-details/environmental-studies-minor,SAS,Advising  - Environmental Studies (Minor),https://geography.rutgers.edu/academics/undergraduate-program/advising,Not Found
"European Studies (Major, Minor) | BA",https://sasundergrad.rutgers.edu/majors-and-core-curriculum/major/major-minor-details/european-studies,SAS,"Advising  - European Studies (Major, Minor) | BA",https://www.europe.rutgers.edu/undergraduate/about-european-studies,None
Exercise Science (Major) | BS,https://sasundergrad.rutgers.edu/majors-and-core-curriculum/major/major-minor-details/exercise-science,SAS,Advising  - Exercise Science (Major) | BS,https://kines.rutgers.edu/academics/academic-advising,Department Approval with Departmental Meeting
Food Science (Minor),https://sasundergrad.rutgers.edu/majors-and-core-curriculum/major/major-minor-details/food-science,SEBS,N/A,N/A,Not Found
"French (Major, Minor) | BA",https://sasundergrad.rutgers.edu/majors-and-core-curriculum/major/major-minor-details/french,SAS,"Advising  - French (Major, Minor) | BA",https://www.french.rutgers.edu/academics/undergraduate/advising-hours,None
Gender and Media (Minor),https://sasundergrad.rutgers.edu/majors-and-core-curriculum/major/major-minor-details/gender-and-media,SAS/ SC&I,Advising  - Gender and Media (Minor),https://womens-studies.rutgers.edu/academics/undergraduate/advising,Not Found
Genetics (Major) | BA,https://sasundergrad.rutgers.edu/majors-and-core-curriculum/major/major-minor-details/genetics,SAS,Advising  - Genetics (Major) | BA,https://genetics.rutgers.edu/academics/undergraduate/advising,Department Approval with Departmental Meeting
"Geography (Major, Minor) | BA",https://sasundergrad.rutgers.edu/majors-and-core-curriculum/major/major-minor-details/geography,SAS,"Advising  - Geography (Major, Minor) | BA",https://geography.rutgers.edu/academics/undergraduate-program/advising,None
"German (Major, Minor) | BA",https://sasundergrad.rutgers.edu/majors-and-core-curriculum/major/major-minor-details/german,SAS,"Advising  - German (Major, Minor) | BA",https://german.rutgers.edu/academics/undergraduate/advising,None
Global Humanities (Major) | BA,https://sasundergrad.rutgers.edu/majors-and-core-curriculum/major/major-minor-details/global-humanities,SAS,Advising  - Global Humanities (Major) | BA,https://www.amesall.rutgers.edu/academics/undergraduate-program/advising,None
Government and Business (Minor),https://sasundergrad.rutgers.edu/majors-and-core-curriculum/major/major-minor-details/government-and-business,SAS,Advising  - Government and Business (Minor),https://polisci.rutgers.edu/academics/undergraduate/advising,Not Found
Greek - Ancient (Minor),https://sasundergrad.rutgers.edu/majors-and-core-curriculum/major/major-minor-details/greek-ancient,SAS,Advising  - Greek - Ancient (Minor),https://classics.rutgers.edu/academics/undergraduate/advising,Not Found
Greek - Modern (Minor),https://sasundergrad.rutgers.edu/majors-and-core-curriculum/major/major-minor-details/greek-modern,SAS,Advising  - Greek - Modern (Minor),https://www.moderngreekstudies.rutgers.edu/academics/undergraduate/advising,Not Found
"Health Administration (Major, Minor) | BS",https://sasundergrad.rutgers.edu/majors-and-core-curriculum/major/major-minor-details/health-administration,Bloustein School,"Advising  - Health Administration (Major, Minor) | BS",https://bloustein.rutgers.edu/students/undergrad-resources/,Department Approval
Health and Society (Minor),https://sasundergrad.rutgers.edu/majors-and-core-curriculum/major/major-minor-details/health-and-society,SAS,Advising  - Health and Society (Minor),https://sociology.rutgers.edu/academics/undergraduate/advising,Not Found
Health Equity (Minor),https://sasundergrad.rutgers.edu/majors-and-core-curriculum/major/major-minor-details/health-equity-minor,SEBS,Advising  - Health Equity (Minor),https://sebs.rutgers.edu/minors/health-equity#coordinator,Not Found
Hindi (Minor),https://sasundergrad.rutgers.edu/majors-and-core-curriculum/major/major-minor-details/hindi,SAS,Advising  - Hindi (Minor),https://www.amesall.rutgers.edu/academics/undergraduate-program/advising,Not Found
History - Ancient History and Classics(Major) | BA,https://sasundergrad.rutgers.edu/majors-and-core-curriculum/major/major-minor-details/history-ancient-history-and-classics,SAS,Advising  - History - Ancient History and Classics(Major) | BA,https://history.rutgers.edu/academics/undergraduate/advising-hours,None
History - Law and History (Minor),https://sasundergrad.rutgers.edu/majors-and-core-curriculum/major/major-minor-details/history-law-and-history,SAS,Advising  - History - Law and History (Minor),https://history.rutgers.edu/academics/undergraduate/advising-hours,None
History - STEM in Society (Minor),https://sasundergrad.rutgers.edu/majors-and-core-curriculum/major/major-minor-details/history-stem-in-society,SAS,Advising  - History - STEM in Society (Minor),https://history.rutgers.edu/academics/undergraduate/advising-hours,None
History (Major/ Minor) BA,https://sasundergrad.rutgers.edu/majors-and-core-curriculum/major/major-minor-details/history,SAS,Advising  - History (Major/ Minor) BA,https://history.rutgers.edu/academics/undergraduate/advising-hours,Not Found
History/French (Major) | BA,https://sasundergrad.rutgers.edu/majors-and-core-curriculum/major/major-minor-details/history-french,SAS,Advising  - History/French (Major) | BA,https://history.rutgers.edu/academics/undergraduate/advising-hours,Department Approval with Departmental Meeting
History/Political Science (Major) | BA,https://sasundergrad.rutgers.edu/majors-and-core-curriculum/major/major-minor-details/history-political-science,SAS,Advising  - History/Political Science (Major) | BA,https://history.rutgers.edu/academics/undergraduate/advising-hours,None
Holocaust Studies (Minor),https://sasundergrad.rutgers.edu/majors-and-core-curriculum/major/major-minor-details/holocaust-studies,SAS,Advising  - Holocaust Studies (Minor),https://jewishstudies.rutgers.edu/academics/undergraduate/academic-advising,None
Horticultural Therapy (Minor),https://sasundergrad.rutgers.edu/majors-and-core-curriculum/major/major-minor-details/horticultural-therapy,SEBS,Advising  - Horticultural Therapy (Minor),https://plantbiology.rutgers.edu/undergraduate/horticultural-therapy/minor,Not Found
"Human Resource Management (Major, Minor) | BA",https://sasundergrad.rutgers.edu/majors-and-core-curriculum/major/major-minor-details/human-resource-management,SMLR,"Advising  - Human Resource Management (Major, Minor) | BA",https://smlr.rutgers.edu/academic-programs/current-students,None
Hungarian (Minor),https://sasundergrad.rutgers.edu/majors-and-core-curriculum/major/major-minor-details/hungarian,SAS,Advising  - Hungarian (Minor),https://reell.rutgers.edu/academics/undergraduate/advising,Not Found
Information Technology and Informatics (Major) | BA,https://sasundergrad.rutgers.edu/majors-and-core-curriculum/major/major-minor-details/information-technology-informatics,SC&I,Advising  - Information Technology and Informatics (Major) | BA,https://comminfo.rutgers.edu/office-student-services/academic-assistance-and-support/undergraduate-advising,By Application- Prerequisites: 04:189:103 and 01:355:101 both with C or better; 2.0 cumulative GPA. Students wishing to declare this major must apply through the School of Communication and Information (SC&I). The major will not be officially declared until that application is approved by SC&I.
International and Global Studies (Minor),https://sasundergrad.rutgers.edu/majors-and-core-curriculum/major/major-minor-details/international-and-global-studies,SAS,Advising  - International and Global Studies (Minor),https://geography.rutgers.edu/academics/undergraduate-program/advising,Not Found
"Italian (Major, Minor) | BA",https://sasundergrad.rutgers.edu/majors-and-core-curriculum/major/major-minor-details/italian,SAS,"Advising  - Italian (Major, Minor) | BA",https://italian.rutgers.edu/academics/undergraduate/advising,None
Japanese (Major) | BA,https://sasundergrad.rutgers.edu/majors-and-core-curriculum/major/major-minor-details/japanese,SAS,Advising  - Japanese (Major) | BA,https://alc.rutgers.edu/academics/undergraduate/advising,None
Jewish Studies - Advanced Language (Major) | BA,https://sasundergrad.rutgers.edu/majors-and-core-curriculum/major/major-minor-details/jewish-studies-advanced-language,SAS,Advising  - Jewish Studies - Advanced Language (Major) | BA,https://jewishstudies.rutgers.edu/academics/undergraduate/academic-advising,None
"Jewish Studies (Major,Minor) | BA",https://sasundergrad.rutgers.edu/majors-and-core-curriculum/major/major-minor-details/jewish-studies,SAS,"Advising  - Jewish Studies (Major,Minor) | BA",https://jewishstudies.rutgers.edu/academics/undergraduate/academic-advising,None
Journalism and Media Studies - Global Media (Major) | BA,https://sasundergrad.rutgers.edu/majors-and-core-curriculum/major/major-minor-details/journalism-and-media-studies-global-media,SC&I,Advising  - Journalism and Media Studies - Global Media (Major) | BA,https://comminfo.rutgers.edu/office-student-services/academic-assistance-and-support/undergraduate-advising,By Application
Journalism and Media Studies - Sports Journalism (Major) | BA,https://sasundergrad.rutgers.edu/majors-and-core-curriculum/major/major-minor-details/journalism-and-media-studies-sports-journalism,SCI,Advising  - Journalism and Media Studies - Sports Journalism (Major) | BA,https://comminfo.rutgers.edu/office-student-services/academic-assistance-and-support/undergraduate-advising,By Application
Journalism and Media Studies (Major) | BA,https://sasundergrad.rutgers.edu/majors-and-core-curriculum/major/major-minor-details/journalism-and-media-studies,SC&I,Advising  - Journalism and Media Studies (Major) | BA,https://comminfo.rutgers.edu/office-student-services/academic-assistance-and-support/undergraduate-advising,By Application
"Korean (Major, Minor) | BA",https://sasundergrad.rutgers.edu/majors-and-core-curriculum/major/major-minor-details/korean,SAS,"Advising  - Korean (Major, Minor) | BA",https://alc.rutgers.edu/academics/undergraduate/advising,Not Found
Labor Studies - Diversity in the Workplace Option (Minor),https://sasundergrad.rutgers.edu/majors-and-core-curriculum/major/major-minor-details/labor-studies-diversity-in-the-workplace-option,SMLR,Advising  - Labor Studies - Diversity in the Workplace Option (Minor),https://live-lectronimo-smlr.pantheonsite.io/academic-programs/undergraduate-programs/bachelors-degrees-labor-employment-relations/current-labor,Not Found
Labor Studies - Labor Unions and Social Movements (Minor),https://sasundergrad.rutgers.edu/majors-and-core-curriculum/major/major-minor-details/labor-studies-labor-unions-and-social-movements,SMLR,Advising  - Labor Studies - Labor Unions and Social Movements (Minor),https://live-lectronimo-smlr.pantheonsite.io/academic-programs/undergraduate-programs/bachelors-degrees-labor-employment-relations/current-labor,Not Found
Labor Studies - Law and the Workplace Option (Minor),https://sasundergrad.rutgers.edu/majors-and-core-curriculum/major/major-minor-details/labor-studies-law-and-the-workplace-option,SMLR,Advising  - Labor Studies - Law and the Workplace Option (Minor),https://live-lectronimo-smlr.pantheonsite.io/academic-programs/undergraduate-programs/bachelors-degrees-labor-employment-relations/current-labor,Not Found
Labor Studies - Work Organization and Management (Minor),https://sasundergrad.rutgers.edu/majors-and-core-curriculum/major/major-minor-details/labor-studies-work-organization-and-management,SMLR,Advising  - Labor Studies - Work Organization and Management (Minor),https://live-lectronimo-smlr.pantheonsite.io/academic-programs/undergraduate-programs/bachelors-degrees-labor-employment-relations/current-labor,Not Found
"Labor Studies - Work, Globalization, and Migration (Minor)",https://sasundergrad.rutgers.edu/majors-and-core-curriculum/major/major-minor-details/labor-studies-work-globalization-and-migration,SMLR,"Advising  - Labor Studies - Work, Globalization, and Migration (Minor)",https://live-lectronimo-smlr.pantheonsite.io/academic-programs/undergraduate-programs/bachelors-degrees-labor-employment-relations/current-labor,Not Found
Labor Studies (Minor),https://sasundergrad.rutgers.edu/majors-and-core-curriculum/major/major-minor-details/labor-studies,SMLR,Advising  - Labor Studies (Minor),https://live-lectronimo-smlr.pantheonsite.io/academic-programs/undergraduate-programs/bachelors-degrees-labor-employment-relations/current-labor,Not Found
Labor Studies and Employment Relations (Major) | BA,https://sasundergrad.rutgers.edu/majors-and-core-curriculum/major/major-minor-details/labor-studies-and-employment-relations,SMLR,Advising  - Labor Studies and Employment Relations (Major) | BA,https://smlr.rutgers.edu/about-smlr/dean-students,Prerequisites
Landscape Design (Minor),https://sasundergrad.rutgers.edu/majors-and-core-curriculum/major/major-minor-details/landscape-design,SEBS,Advising  - Landscape Design (Minor),https://landarch.rutgers.edu/our-programs/landscape-architecture/minors-certificates/,Not Found
Language and Culture of Ancient Israel (Minor),https://sasundergrad.rutgers.edu/majors-and-core-curriculum/major/major-minor-details/language-and-culture-of-ancient-israel,SAS,Advising  - Language and Culture of Ancient Israel (Minor),https://jewishstudies.rutgers.edu/academics/undergraduate/academic-advising,Not Found
Latin (Minor),https://sasundergrad.rutgers.edu/majors-and-core-curriculum/major/major-minor-details/latin,SAS,Advising  - Latin (Minor),https://classics.rutgers.edu/academics/undergraduate/advising,Not Found
"Latin American Studies (Major, Minor) | BA",https://sasundergrad.rutgers.edu/majors-and-core-curriculum/major/major-minor-details/latin-american-studies,SAS,"Advising  - Latin American Studies (Major, Minor) | BA",https://clas.rutgers.edu/academics/undergraduate/advising,None
"Latino and Caribbean Studies (Major, Minor) | BA",https://sasundergrad.rutgers.edu/majors-and-core-curriculum/major/major-minor-details/latino-and-caribbean-studies,SAS,"Advising  - Latino and Caribbean Studies (Major, Minor) | BA",https://latcar.rutgers.edu/undergraduate/advising,None
"Linguistics (Major, Minor) | BA",https://sasundergrad.rutgers.edu/majors-and-core-curriculum/major/major-minor-details/linguistics,SAS,"Advising  - Linguistics (Major, Minor) | BA",https://ling.rutgers.edu/academics/undergraduate-mainmenu-139/advising,01:615:201 with a grade of C or better
Marine Sciences (Minor),https://sasundergrad.rutgers.edu/majors-and-core-curriculum/major/major-minor-details/marine-sciences,SEBS,Advising  - Marine Sciences (Minor),https://marine.rutgers.edu/academics/undergraduate/marine-sciences-minor/,Not Found
Mathematics - Actuarial (Major) | BA,https://sasundergrad.rutgers.edu/majors-and-core-curriculum/major/major-minor-details/mathematics-actuarial,SAS,Advising  - Mathematics - Actuarial (Major) | BA,https://www.math.rutgers.edu/academics/undergraduate/advising,"Calculus I, II, III (01:640:151, 01:640:152, 01:640:251), Introduction to Interest Theory for Actuarial Science (01:640:285) and Introduction to Microeconomics and Introduction to Macroeconomics (220:102, 220:103) - all with grades of C or better"
"Mathematics (Major, Minor) | BA or BS",https://sasundergrad.rutgers.edu/majors-and-core-curriculum/major/major-minor-details/mathematics,SAS,"Advising  - Mathematics (Major, Minor) | BA or BS",https://www.math.rutgers.edu/academics/undergraduate/advising,Prerequisites
Medical Ethics and Health Policy (Minor),https://sasundergrad.rutgers.edu/majors-and-core-curriculum/major/major-minor-details/medical-ethics-and-health-policy,Bloustein School,Advising  - Medical Ethics and Health Policy (Minor),https://bloustein.rutgers.edu/students/undergrad-resources/,Not Found
"Medieval Studies (Major, Minor) | BA",https://sasundergrad.rutgers.edu/majors-and-core-curriculum/major/major-minor-details/medieval-studies,SAS,"Advising  - Medieval Studies (Major, Minor) | BA",https://medieval-studies.rutgers.edu/academics/undergraduate/advising,None
Meteorology (Minor),https://sasundergrad.rutgers.edu/majors-and-core-curriculum/major/major-minor-details/meteoriology,SEBS,N/A,N/A,Not Found
"Middle Eastern Studies (Major, Minor) | BA",https://sasundergrad.rutgers.edu/majors-and-core-curriculum/major/major-minor-details/middle-eastern-studies,SAS,"Advising  - Middle Eastern Studies (Major, Minor) | BA",https://mideast.rutgers.edu/academics/undergraduate/advising,None
Military Science- Aerospace Science Track (Minor),https://sasundergrad.rutgers.edu/majors-and-core-curriculum/major/major-minor-details/military-science-aerospace-science-track,SAS,Advising  - Military Science- Aerospace Science Track (Minor),https://afrotc.rutgers.edu/staff,Not Found
Military Science- Military Science Track (Minor),https://sasundergrad.rutgers.edu/majors-and-core-curriculum/major/major-minor-details/military-science-military-science-track,SAS,Advising  - Military Science- Military Science Track (Minor),https://armyrotc.rutgers.edu/about-us/our-team,Not Found
Military Science- Naval Science Track (Minor),https://sasundergrad.rutgers.edu/majors-and-core-curriculum/major/major-minor-details/military-science-naval-science-track,SAS,Advising  - Military Science- Naval Science Track (Minor),https://nrotc.rutgers.edu/contact-us,Not Found
Military Science- Non-commissioning (Minor),https://sasundergrad.rutgers.edu/majors-and-core-curriculum/major/major-minor-details/military-science-non-commissioning,SAS,Advising  - Military Science- Non-commissioning (Minor),https://armyrotc.rutgers.edu/about-us/our-team,Not Found
Molecular Biology and Biochemistry (Major) | BA,https://sasundergrad.rutgers.edu/majors-and-core-curriculum/major/major-minor-details/molecular-biology-and-biochemistry,SAS,Advising  - Molecular Biology and Biochemistry (Major) | BA,https://mbb.rutgers.edu/academics/undergraduate/undergraduate-advising,Department Approval with Departmental Meeting
Music (Major) | BA,https://sasundergrad.rutgers.edu/majors-and-core-curriculum/major/major-minor-details/music-ba,MGSA,Advising  - Music (Major) | BA,https://www.masongross.rutgers.edu/degrees-programs/music/resources/,Prerequisites / No Departmental Approval
Music (Minor),https://sasundergrad.rutgers.edu/majors-and-core-curriculum/major/major-minor-details/music,MGSA,Advising  - Music (Minor),https://www.masongross.rutgers.edu/degrees-programs/music/resources/,Not Found
Music Technology (Minor),https://sasundergrad.rutgers.edu/majors-and-core-curriculum/major/major-minor-details/music-technology,MGSA,Advising  - Music Technology (Minor),https://www.masongross.rutgers.edu/degrees-programs/music/resources/,Not Found
Nutrition (Minor),https://sasundergrad.rutgers.edu/majors-and-core-curriculum/major/major-minor-details/nutrition,SEBS,Advising  - Nutrition (Minor),https://nutrition.rutgers.edu/undergraduate/minor/,Not Found
Organizational Leadership (Minor),https://sasundergrad.rutgers.edu/majors-and-core-curriculum/major/major-minor-details/organizational-leadership,SAS,Advising  - Organizational Leadership (Minor),https://olp.rutgers.edu/academics/academic-program/advising,Not Found
Persian (Minor),https://sasundergrad.rutgers.edu/majors-and-core-curriculum/major/major-minor-details/persian,SAS,Advising  - Persian (Minor),https://www.amesall.rutgers.edu/academics/undergraduate-program/advising,Not Found
"Philosophy (Major, Minor) | BA",https://sasundergrad.rutgers.edu/majors-and-core-curriculum/major/major-minor-details/philosophy,SAS,"Advising  - Philosophy (Major, Minor) | BA",https://philosophy.rutgers.edu/advising,None
"Philosophy, Politics, and Economics (PPE) (Minor)",https://sasundergrad.rutgers.edu/majors-and-core-curriculum/major/major-minor-details/philosophy-politics-and-economics-ppe,SAS,"Advising  - Philosophy, Politics, and Economics (PPE) (Minor)",https://polisci.rutgers.edu/academics/undergraduate/advising,Not Found
Physics - Applied (Major) | BS,https://sasundergrad.rutgers.edu/majors-and-core-curriculum/major/major-minor-details/physics-applied,SAS,Advising  - Physics - Applied (Major) | BS,https://physics.rutgers.edu/academics/undergraduate-program/advising,None
Physics - General Option (Major) | BA,https://sasundergrad.rutgers.edu/majors-and-core-curriculum/major/major-minor-details/physics-general-option,SAS,Advising  - Physics - General Option (Major) | BA,https://physics.rutgers.edu/academics/undergraduate-program/advising,None
Physics - Planetary Physics Option (Major) | BS,https://sasundergrad.rutgers.edu/majors-and-core-curriculum/major/major-minor-details/physics-planetary-physics,SAS,Advising  - Physics - Planetary Physics Option (Major) | BS,https://physics.rutgers.edu/academics/undergraduate-program/advising,None
Physics - Professional Option (Major) | BS,https://sasundergrad.rutgers.edu/majors-and-core-curriculum/major/major-minor-details/physics-professional-option,SAS,Advising  - Physics - Professional Option (Major) | BS,https://physics.rutgers.edu/academics/undergraduate-program/advising,None
Physics (Minor),https://sasundergrad.rutgers.edu/majors-and-core-curriculum/major/major-minor-details/physics-minor,SAS,Advising  - Physics (Minor),https://physics.rutgers.edu/academics/undergraduate-program/advising,Not Found
Plant Science (Minor),https://sasundergrad.rutgers.edu/majors-and-core-curriculum/major/major-minor-details/plant-science,SEBS,Advising  - Plant Science (Minor),https://plantbiology.rutgers.edu/undergraduate/plant-science-program/plant-science-minor,Not Found
"Political Science (Major, Minor) | BA",https://sasundergrad.rutgers.edu/majors-and-core-curriculum/major/major-minor-details/political-science,SAS,"Advising  - Political Science (Major, Minor) | BA",https://polisci.rutgers.edu/academics/undergraduate/advising-and-pre-law-advising,"Prerequisites- two courses from 01:790:101,102,103,104,106, each with a grade of C or better."
"Portuguese (Major, Minor) | BA",https://sasundergrad.rutgers.edu/majors-and-core-curriculum/major/major-minor-details/portuguese,SAS,"Advising  - Portuguese (Major, Minor) | BA",https://span-port.rutgers.edu/undergraduate-advising,None
"Psychology (Major, Minor) | BA",https://sasundergrad.rutgers.edu/majors-and-core-curriculum/major/major-minor-details/psychology,SAS,"Advising  - Psychology (Major, Minor) | BA",https://psych.rutgers.edu/academics/undergraduate/advising,"Completion of 01:830:101 and 01:830:200 (or equivalent), each with a grade of C or better."
Public Administration and Management (Minor),https://sasundergrad.rutgers.edu/majors-and-core-curriculum/major/major-minor-details/public-administration-and-management,Bloustein School,Advising  - Public Administration and Management (Minor),https://bloustein.rutgers.edu/students/undergrad-resources/,Not Found
"Public Health (Major, Minor) | BS",https://sasundergrad.rutgers.edu/majors-and-core-curriculum/major/major-minor-details/public-health,Bloustein School,"Advising  - Public Health (Major, Minor) | BS",https://bloustein.rutgers.edu/students/undergrad-resources/,Department Approval
"Public Policy (Major, Minor) | BS",https://sasundergrad.rutgers.edu/majors-and-core-curriculum/major/major-minor-details/public-policy,Bloustein School,"Advising  - Public Policy (Major, Minor) | BS",https://bloustein.rutgers.edu/students/undergrad-resources/,Department Approval
Quantitative Economics (Minor),https://sasundergrad.rutgers.edu/majors-and-core-curriculum/major/major-minor-details/quantitative-economics,SAS,Advising  - Quantitative Economics (Minor),https://economics.rutgers.edu/academics/undergraduate/advising-hours/advising-hours,Not Found
"Religion (Major, Minor) | BA",https://sasundergrad.rutgers.edu/majors-and-core-curriculum/major/major-minor-details/religion,SAS,"Advising  - Religion (Major, Minor) | BA",https://religion.rutgers.edu/academics/undergraduate/advising,None
"Russian (Major, Minor) | BA",https://sasundergrad.rutgers.edu/majors-and-core-curriculum/major/major-minor-details/russian,SAS,"Advising  - Russian (Major, Minor) | BA",https://reell.rutgers.edu/academics/undergraduate/advising,None
Sexualities Studies (Minor),https://sasundergrad.rutgers.edu/majors-and-core-curriculum/major/major-minor-details/sexualities-studies,SAS,Advising  - Sexualities Studies (Minor),https://womens-studies.rutgers.edu/academics/undergraduate/advising,Not Found
Slavic and Eastern European Studies (Minor),https://sasundergrad.rutgers.edu/majors-and-core-curriculum/major/major-minor-details/slavic-and-eastern-european-studies,SAS,Advising  - Slavic and Eastern European Studies (Minor),https://seell.rutgers.edu/academics/undergraduate/advising,None
Social Justice (Minor),https://sasundergrad.rutgers.edu/majors-and-core-curriculum/major/major-minor-details/social-justice,SAS,Advising  - Social Justice (Minor),https://womens-studies.rutgers.edu/academics/undergraduate/advising,Not Found
Social Work (Major) | BA,https://sasundergrad.rutgers.edu/majors-and-core-curriculum/major/major-minor-details/social-work,School of Social Work,Advising  - Social Work (Major) | BA,https://socialwork.rutgers.edu/academics/bachelor-arts-ba-social-work,"Department Approval - Students wishing to declare this major should submit the Social Work major  declaration form. Once the form is received, your GPA and prerequisite courses will be confirmed and you will receive notification of approval for the major by email within 10-14 days."
"Sociology (Major, Minor) | BA",https://sasundergrad.rutgers.edu/majors-and-core-curriculum/major/major-minor-details/sociology,SAS,"Advising  - Sociology (Major, Minor) | BA",https://sociology.rutgers.edu/academics/undergraduate/advising,Prerequisites
South Asian Studies (Minor),https://sasundergrad.rutgers.edu/majors-and-core-curriculum/major/major-minor-details/south-asian-studies,SAS,Advising  - South Asian Studies (Minor),https://southasia.rutgers.edu/academics-mainmenu/undergraduate/advising,Not Found
Spanish - Spanish Intensive (Major) | BA,https://sasundergrad.rutgers.edu/majors-and-core-curriculum/major/major-minor-details/spanish-spanish-intensive,SAS,Advising  - Spanish - Spanish Intensive (Major) | BA,https://span-port.rutgers.edu/undergraduate-advising,None
"Spanish (Major, Minor) | BA",https://sasundergrad.rutgers.edu/majors-and-core-curriculum/major/major-minor-details/spanish,SAS,"Advising  - Spanish (Major, Minor) | BA",https://span-port.rutgers.edu/undergraduate-advising,None
"Sport Management (Major, Minor) | BS",https://sasundergrad.rutgers.edu/majors-and-core-curriculum/major/major-minor-details/sport-management,SAS,"Advising  - Sport Management (Major, Minor) | BS",https://kines.rutgers.edu/academics/academic-advising,Department Approval with Departmental Meeting- Students who wish to declare this major must have completed a minimum of 1 semester at Rutgers University-New Brunswick with a minimum overall GPA of 2.0. First Semester Transfer Students are eligible to declare if they have transferred into Rutgers University-New Brunswick with a minimum of 15 credits.   Students must also attend a department declaration meeting.
"Statistics (Major, Minor) | BA",https://sasundergrad.rutgers.edu/majors-and-core-curriculum/major/major-minor-details/statistics,SAS,"Advising  - Statistics (Major, Minor) | BA",https://statistics.rutgers.edu/advising,Prerequisites- Calculus I and II with an overall (including retaken courses) C average or above.
Statistics/Mathematics (Major) | BA,https://sasundergrad.rutgers.edu/majors-and-core-curriculum/major/major-minor-details/statistics-mathematics,SAS,Advising  - Statistics/Mathematics (Major) | BA,https://statistics.rutgers.edu/advising,Prerequisites- Calculus I and II with an overall (including retaken courses) C average or above.
"Theater Arts (Major, Minor) | BA",https://sasundergrad.rutgers.edu/majors-and-core-curriculum/major/major-minor-details/theater-arts-b-a,MGSA,"Advising  - Theater Arts (Major, Minor) | BA",https://www.masongross.rutgers.edu/degrees-programs/theater/resources/,Department Approval- Students must complete the statement of purpose form: https://forms.office.com/r/NFzJXGErmV.
Turkish (Minor),https://sasundergrad.rutgers.edu/majors-and-core-curriculum/major/major-minor-details/turkish,SAS,Advising  - Turkish (Minor),https://www.amesall.rutgers.edu/academics/undergraduate-program/advising,Not Found
"Urban Planning and Design (Major, Minor) | BS",https://sasundergrad.rutgers.edu/majors-and-core-curriculum/major/major-minor-details/urban-planning-and-design,Bloustein School,"Advising  - Urban Planning and Design (Major, Minor) | BS",https://bloustein.rutgers.edu/students/undergrad-resources/,"Department Approval- Prerequisities: 01:355:101 and 10:775:205 (or pre-approved equivalent, see DN), with grades or C or better.  Students wishing to declare this major must apply through the Bloustein School of Planning and Public Policy. The major will not be officially declared until that application is approved by the Bloustein School."
Urban Studies (Minor),https://sasundergrad.rutgers.edu/majors-and-core-curriculum/major/major-minor-details/urban-studies,Bloustein School,Advising  - Urban Studies (Minor),https://bloustein.rutgers.edu/students/undergrad-resources/,Not Found
"Womens, Gender, and Sexuality Studies (Major, Minor) | BA",https://sasundergrad.rutgers.edu/majors-and-core-curriculum/major/major-minor-details/women-s-and-gender-studies,SAS,"Advising  - Womens, Gender, and Sexuality Studies (Major, Minor) | BA",https://womens-studies.rutgers.edu/academics/undergraduate/advising,None
